﻿그룹 계층 구조,리전,설명,서비스,선결제,월별,처음 12개월 합계,통화,구성 요약
My Estimate,미국 서부(캘리포니아 북부),,Amazon EC2,0,2375.3685640000003,28504.42,USD,"운영 체제 (Linux), 스토리지 크기 (20 GB), DT 인바운드: Internet (20 월별 TB), DT 아웃바운드: Amazon CloudFront (10 월별 TB), DT 리전 내: (0 월별 TB), 워크로드 (Weekly, 기준선: 10, 피크: 50, 피크 기간: 2 일 0 Hr 0 Min), 스냅샷 빈도 (2x 일별), 고급 EC2 인스턴스 (c6g.xlarge), Pricing strategy (EC2 Instance Savings Plans 1 Year  None upfront), 스냅샷당 변경된 금액 (3 GB)"
My Estimate,미국 서부(캘리포니아 북부),,Amazon EC2,0,2506.466424,30077.60,USD,"운영 체제 (Linux), 스토리지 크기 (20 GB), DT 인바운드: Internet (20 월별 TB), DT 아웃바운드: Amazon CloudFront (10 월별 TB), DT 리전 내: (0 월별 TB), 워크로드 (Weekly, 기준선: 5, 피크: 30, 피크 기간: 2 일 0 Hr 0 Min), 고급 EC2 인스턴스 (t4g.2xlarge), Pricing strategy (EC2 Instance Savings Plans 1 Year  None upfront), 스냅샷 빈도 (2x 일별), 스냅샷당 변경된 금액 (3 GB)"
My Estimate,미국 서부(캘리포니아 북부),,Amazon RDS for MySQL,0,16937.82,203253.84,USD,"각 RDS 인스턴스의 스토리지 (범용 SSD(gp2)), 스토리지 크기 (15 TB), 수량 (2), 인스턴스 유형 (db.r6g.4xlarge), 사용률(온디맨드 전용) (100 %Utilized/Month), 배포 옵션 (Multi-AZ), 요금 모델 (OnDemand), 추가 백업 스토리지 (30 TB)"
My Estimate,미국 서부(캘리포니아 북부),,Application Load Balancer,0,182.24,2186.88,USD,Application Load Balancer 수 (1)
My Estimate,미국 서부(캘리포니아 북부),,Application Load Balancer,0,182.24,2186.88,USD,Application Load Balancer 수 (1)
My Estimate,미국 서부(캘리포니아 북부),,AWS Web Application Firewall (WAF),0,14,168.00,USD,"사용된 웹 ACL(액세스 제어 목록) 수 (1 월별), 웹 ACL당 규칙 그룹 수 (1 월별), 각 규칙 그룹 내 규칙 수 (4 월별), 웹 ACL당 추가된 규칙 수 (4 월별)"



확인
"* AWS Pricing Calculator는 AWS 요금에 대한 예상 비용만 제공하며, 해당되는 세금은 포함하지 않습니다. 실제 요금은 AWS 서비스의 실제 사용량을 포함하여 다양한 요소에 따라 달라질 수 있습니다."
